Clause,WeightType,Modulus,Residue
1,Sequential,1009,0
1,Sequential,100003,0
1,Sequential,1000003,0
1,Polynomial,1009,0
1,Polynomial,100003,0
1,Polynomial,1000003,0
1,Exponential,1009,0
1,Exponential,100003,0
1,Exponential,1000003,0
1,Hash_SHA256(i),1009,0
1,Hash_SHA256(i),100003,0
1,Hash_SHA256(i),1000003,0
2,Sequential,1009,0
2,Sequential,100003,0
2,Sequential,1000003,0
2,Polynomial,1009,0
2,Polynomial,100003,0
2,Polynomial,1000003,0
2,Exponential,1009,0
2,Exponential,100003,0
2,Exponential,1000003,0
2,Hash_SHA256(i),1009,0
2,Hash_SHA256(i),100003,0
2,Hash_SHA256(i),1000003,0
3,Sequential,1009,0
3,Sequential,100003,0
3,Sequential,1000003,0
3,Polynomial,1009,0
3,Polynomial,100003,0
3,Polynomial,1000003,0
3,Exponential,1009,0
3,Exponential,100003,0
3,Exponential,1000003,0
3,Hash_SHA256(i),1009,0
3,Hash_SHA256(i),100003,0
3,Hash_SHA256(i),1000003,0
4,Sequential,1009,0
4,Sequential,100003,0
4,Sequential,1000003,0
4,Polynomial,1009,0
4,Polynomial,100003,0
4,Polynomial,1000003,0
4,Exponential,1009,0
4,Exponential,100003,0
4,Exponential,1000003,0
4,Hash_SHA256(i),1009,0
4,Hash_SHA256(i),100003,0
4,Hash_SHA256(i),1000003,0
5,Sequential,1009,0
5,Sequential,100003,0
5,Sequential,1000003,0
5,Polynomial,1009,0
5,Polynomial,100003,0
5,Polynomial,1000003,0
5,Exponential,1009,0
5,Exponential,100003,0
5,Exponential,1000003,0
5,Hash_SHA256(i),1009,0
5,Hash_SHA256(i),100003,0
5,Hash_SHA256(i),1000003,0
6,Sequential,1009,0
6,Sequential,100003,0
6,Sequential,1000003,0
6,Polynomial,1009,0
6,Polynomial,100003,0
6,Polynomial,1000003,0
6,Exponential,1009,0
6,Exponential,100003,0
6,Exponential,1000003,0
6,Hash_SHA256(i),1009,0
6,Hash_SHA256(i),100003,0
6,Hash_SHA256(i),1000003,0
7,Sequential,1009,0
7,Sequential,100003,0
7,Sequential,1000003,0
7,Polynomial,1009,0
7,Polynomial,100003,0
7,Polynomial,1000003,0
7,Exponential,1009,0
7,Exponential,100003,0
7,Exponential,1000003,0
7,Hash_SHA256(i),1009,0
7,Hash_SHA256(i),100003,0
7,Hash_SHA256(i),1000003,0
8,Sequential,1009,0
8,Sequential,100003,0
8,Sequential,1000003,0
8,Polynomial,1009,0
8,Polynomial,100003,0
8,Polynomial,1000003,0
8,Exponential,1009,0
8,Exponential,100003,0
8,Exponential,1000003,0
8,Hash_SHA256(i),1009,0
8,Hash_SHA256(i),100003,0
8,Hash_SHA256(i),1000003,0
9,Sequential,1009,0
9,Sequential,100003,0
9,Sequential,1000003,0
9,Polynomial,1009,0
9,Polynomial,100003,0
9,Polynomial,1000003,0
9,Exponential,1009,0
9,Exponential,100003,0
9,Exponential,1000003,0
9,Hash_SHA256(i),1009,0
9,Hash_SHA256(i),100003,0
9,Hash_SHA256(i),1000003,0
10,Sequential,1009,0
10,Sequential,100003,0
10,Sequential,1000003,0
10,Polynomial,1009,0
10,Polynomial,100003,0
10,Polynomial,1000003,0
10,Exponential,1009,0
10,Exponential,100003,0
10,Exponential,1000003,0
10,Hash_SHA256(i),1009,0
10,Hash_SHA256(i),100003,0
10,Hash_SHA256(i),1000003,0
11,Sequential,1009,0
11,Sequential,100003,0
11,Sequential,1000003,0
11,Polynomial,1009,0
11,Polynomial,100003,0
11,Polynomial,1000003,0
11,Exponential,1009,0
11,Exponential,100003,0
11,Exponential,1000003,0
11,Hash_SHA256(i),1009,0
11,Hash_SHA256(i),100003,0
11,Hash_SHA256(i),1000003,0
12,Sequential,1009,0
12,Sequential,100003,0
12,Sequential,1000003,0
12,Polynomial,1009,0
12,Polynomial,100003,0
12,Polynomial,1000003,0
12,Exponential,1009,0
12,Exponential,100003,0
12,Exponential,1000003,0
12,Hash_SHA256(i),1009,0
12,Hash_SHA256(i),100003,0
12,Hash_SHA256(i),1000003,0
13,Sequential,1009,0
13,Sequential,100003,0
13,Sequential,1000003,0
13,Polynomial,1009,0
13,Polynomial,100003,0
13,Polynomial,1000003,0
13,Exponential,1009,0
13,Exponential,100003,0
13,Exponential,1000003,0
13,Hash_SHA256(i),1009,0
13,Hash_SHA256(i),100003,0
13,Hash_SHA256(i),1000003,0
14,Sequential,1009,0
14,Sequential,100003,0
14,Sequential,1000003,0
14,Polynomial,1009,0
14,Polynomial,100003,0
14,Polynomial,1000003,0
14,Exponential,1009,0
14,Exponential,100003,0
14,Exponential,1000003,0
14,Hash_SHA256(i),1009,0
14,Hash_SHA256(i),100003,0
14,Hash_SHA256(i),1000003,0
15,Sequential,1009,0
15,Sequential,100003,0
15,Sequential,1000003,0
15,Polynomial,1009,0
15,Polynomial,100003,0
15,Polynomial,1000003,0
15,Exponential,1009,0
15,Exponential,100003,0
15,Exponential,1000003,0
15,Hash_SHA256(i),1009,0
15,Hash_SHA256(i),100003,0
15,Hash_SHA256(i),1000003,0
16,Sequential,1009,0
16,Sequential,100003,0
16,Sequential,1000003,0
16,Polynomial,1009,0
16,Polynomial,100003,0
16,Polynomial,1000003,0
16,Exponential,1009,0
16,Exponential,100003,0
16,Exponential,1000003,0
16,Hash_SHA256(i),1009,0
16,Hash_SHA256(i),100003,0
16,Hash_SHA256(i),1000003,0
17,Sequential,1009,0
17,Sequential,100003,0
17,Sequential,1000003,0
17,Polynomial,1009,0
17,Polynomial,100003,0
17,Polynomial,1000003,0
17,Exponential,1009,0
17,Exponential,100003,0
17,Exponential,1000003,0
17,Hash_SHA256(i),1009,0
17,Hash_SHA256(i),100003,0
17,Hash_SHA256(i),1000003,0
18,Sequential,1009,0
18,Sequential,100003,0
18,Sequential,1000003,0
18,Polynomial,1009,0
18,Polynomial,100003,0
18,Polynomial,1000003,0
18,Exponential,1009,0
18,Exponential,100003,0
18,Exponential,1000003,0
18,Hash_SHA256(i),1009,0
18,Hash_SHA256(i),100003,0
18,Hash_SHA256(i),1000003,0
19,Sequential,1009,0
19,Sequential,100003,0
19,Sequential,1000003,0
19,Polynomial,1009,0
19,Polynomial,100003,0
19,Polynomial,1000003,0
19,Exponential,1009,0
19,Exponential,100003,0
19,Exponential,1000003,0
19,Hash_SHA256(i),1009,0
19,Hash_SHA256(i),100003,0
19,Hash_SHA256(i),1000003,0
20,Sequential,1009,0
20,Sequential,100003,0
20,Sequential,1000003,0
20,Polynomial,1009,0
20,Polynomial,100003,0
20,Polynomial,1000003,0
20,Exponential,1009,0
20,Exponential,100003,0
20,Exponential,1000003,0
20,Hash_SHA256(i),1009,0
20,Hash_SHA256(i),100003,0
20,Hash_SHA256(i),1000003,0
21,Sequential,1009,0
21,Sequential,100003,0
21,Sequential,1000003,0
21,Polynomial,1009,0
21,Polynomial,100003,0
21,Polynomial,1000003,0
21,Exponential,1009,0
21,Exponential,100003,0
21,Exponential,1000003,0
21,Hash_SHA256(i),1009,0
21,Hash_SHA256(i),100003,0
21,Hash_SHA256(i),1000003,0
22,Sequential,1009,0
22,Sequential,100003,0
22,Sequential,1000003,0
22,Polynomial,1009,0
22,Polynomial,100003,0
22,Polynomial,1000003,0
22,Exponential,1009,0
22,Exponential,100003,0
22,Exponential,1000003,0
22,Hash_SHA256(i),1009,0
22,Hash_SHA256(i),100003,0
22,Hash_SHA256(i),1000003,0
23,Sequential,1009,0
23,Sequential,100003,0
23,Sequential,1000003,0
23,Polynomial,1009,0
23,Polynomial,100003,0
23,Polynomial,1000003,0
23,Exponential,1009,0
23,Exponential,100003,0
23,Exponential,1000003,0
23,Hash_SHA256(i),1009,0
23,Hash_SHA256(i),100003,0
23,Hash_SHA256(i),1000003,0
24,Sequential,1009,0
24,Sequential,100003,0
24,Sequential,1000003,0
24,Polynomial,1009,0
24,Polynomial,100003,0
24,Polynomial,1000003,0
24,Exponential,1009,0
24,Exponential,100003,0
24,Exponential,1000003,0
24,Hash_SHA256(i),1009,0
24,Hash_SHA256(i),100003,0
24,Hash_SHA256(i),1000003,0
25,Sequential,1009,0
25,Sequential,100003,0
25,Sequential,1000003,0
25,Polynomial,1009,0
25,Polynomial,100003,0
25,Polynomial,1000003,0
25,Exponential,1009,0
25,Exponential,100003,0
25,Exponential,1000003,0
25,Hash_SHA256(i),1009,0
25,Hash_SHA256(i),100003,0
25,Hash_SHA256(i),1000003,0
26,Sequential,1009,0
26,Sequential,100003,0
26,Sequential,1000003,0
26,Polynomial,1009,0
26,Polynomial,100003,0
26,Polynomial,1000003,0
26,Exponential,1009,0
26,Exponential,100003,0
26,Exponential,1000003,0
26,Hash_SHA256(i),1009,0
26,Hash_SHA256(i),100003,0
26,Hash_SHA256(i),1000003,0
27,Sequential,1009,0
27,Sequential,100003,0
27,Sequential,1000003,0
27,Polynomial,1009,0
27,Polynomial,100003,0
27,Polynomial,1000003,0
27,Exponential,1009,0
27,Exponential,100003,0
27,Exponential,1000003,0
27,Hash_SHA256(i),1009,0
27,Hash_SHA256(i),100003,0
27,Hash_SHA256(i),1000003,0
28,Sequential,1009,0
28,Sequential,100003,0
28,Sequential,1000003,0
28,Polynomial,1009,0
28,Polynomial,100003,0
28,Polynomial,1000003,0
28,Exponential,1009,0
28,Exponential,100003,0
28,Exponential,1000003,0
28,Hash_SHA256(i),1009,0
28,Hash_SHA256(i),100003,0
28,Hash_SHA256(i),1000003,0
29,Sequential,1009,0
29,Sequential,100003,0
29,Sequential,1000003,0
29,Polynomial,1009,0
29,Polynomial,100003,0
29,Polynomial,1000003,0
29,Exponential,1009,0
29,Exponential,100003,0
29,Exponential,1000003,0
29,Hash_SHA256(i),1009,0
29,Hash_SHA256(i),100003,0
29,Hash_SHA256(i),1000003,0
30,Sequential,1009,0
30,Sequential,100003,0
30,Sequential,1000003,0
30,Polynomial,1009,0
30,Polynomial,100003,0
30,Polynomial,1000003,0
30,Exponential,1009,0
30,Exponential,100003,0
30,Exponential,1000003,0
30,Hash_SHA256(i),1009,0
30,Hash_SHA256(i),100003,0
30,Hash_SHA256(i),1000003,0
31,Sequential,1009,0
31,Sequential,100003,0
31,Sequential,1000003,0
31,Polynomial,1009,0
31,Polynomial,100003,0
31,Polynomial,1000003,0
31,Exponential,1009,0
31,Exponential,100003,0
31,Exponential,1000003,0
31,Hash_SHA256(i),1009,0
31,Hash_SHA256(i),100003,0
31,Hash_SHA256(i),1000003,0
32,Sequential,1009,0
32,Sequential,100003,0
32,Sequential,1000003,0
32,Polynomial,1009,0
32,Polynomial,100003,0
32,Polynomial,1000003,0
32,Exponential,1009,0
32,Exponential,100003,0
32,Exponential,1000003,0
32,Hash_SHA256(i),1009,0
32,Hash_SHA256(i),100003,0
32,Hash_SHA256(i),1000003,0
33,Sequential,1009,0
33,Sequential,100003,0
33,Sequential,1000003,0
33,Polynomial,1009,0
33,Polynomial,100003,0
33,Polynomial,1000003,0
33,Exponential,1009,0
33,Exponential,100003,0
33,Exponential,1000003,0
33,Hash_SHA256(i),1009,0
33,Hash_SHA256(i),100003,0
33,Hash_SHA256(i),1000003,0
34,Sequential,1009,0
34,Sequential,100003,0
34,Sequential,1000003,0
34,Polynomial,1009,0
34,Polynomial,100003,0
34,Polynomial,1000003,0
34,Exponential,1009,0
34,Exponential,100003,0
34,Exponential,1000003,0
34,Hash_SHA256(i),1009,0
34,Hash_SHA256(i),100003,0
34,Hash_SHA256(i),1000003,0
35,Sequential,1009,0
35,Sequential,100003,0
35,Sequential,1000003,0
35,Polynomial,1009,0
35,Polynomial,100003,0
35,Polynomial,1000003,0
35,Exponential,1009,0
35,Exponential,100003,0
35,Exponential,1000003,0
35,Hash_SHA256(i),1009,0
35,Hash_SHA256(i),100003,0
35,Hash_SHA256(i),1000003,0
36,Sequential,1009,0
36,Sequential,100003,0
36,Sequential,1000003,0
36,Polynomial,1009,0
36,Polynomial,100003,0
36,Polynomial,1000003,0
36,Exponential,1009,0
36,Exponential,100003,0
36,Exponential,1000003,0
36,Hash_SHA256(i),1009,0
36,Hash_SHA256(i),100003,0
36,Hash_SHA256(i),1000003,0
37,Sequential,1009,0
37,Sequential,100003,0
37,Sequential,1000003,0
37,Polynomial,1009,0
37,Polynomial,100003,0
37,Polynomial,1000003,0
37,Exponential,1009,0
37,Exponential,100003,0
37,Exponential,1000003,0
37,Hash_SHA256(i),1009,0
37,Hash_SHA256(i),100003,0
37,Hash_SHA256(i),1000003,0
38,Sequential,1009,0
38,Sequential,100003,0
38,Sequential,1000003,0
38,Polynomial,1009,0
38,Polynomial,100003,0
38,Polynomial,1000003,0
38,Exponential,1009,0
38,Exponential,100003,0
38,Exponential,1000003,0
38,Hash_SHA256(i),1009,0
38,Hash_SHA256(i),100003,0
38,Hash_SHA256(i),1000003,0
39,Sequential,1009,0
39,Sequential,100003,0
39,Sequential,1000003,0
39,Polynomial,1009,0
39,Polynomial,100003,0
39,Polynomial,1000003,0
39,Exponential,1009,0
39,Exponential,100003,0
39,Exponential,1000003,0
39,Hash_SHA256(i),1009,0
39,Hash_SHA256(i),100003,0
39,Hash_SHA256(i),1000003,0
40,Sequential,1009,0
40,Sequential,100003,0
40,Sequential,1000003,0
40,Polynomial,1009,0
40,Polynomial,100003,0
40,Polynomial,1000003,0
40,Exponential,1009,0
40,Exponential,100003,0
40,Exponential,1000003,0
40,Hash_SHA256(i),1009,0
40,Hash_SHA256(i),100003,0
40,Hash_SHA256(i),1000003,0
41,Sequential,1009,0
41,Sequential,100003,0
41,Sequential,1000003,0
41,Polynomial,1009,0
41,Polynomial,100003,0
41,Polynomial,1000003,0
41,Exponential,1009,0
41,Exponential,100003,0
41,Exponential,1000003,0
41,Hash_SHA256(i),1009,0
41,Hash_SHA256(i),100003,0
41,Hash_SHA256(i),1000003,0
42,Sequential,1009,0
42,Sequential,100003,0
42,Sequential,1000003,0
42,Polynomial,1009,0
42,Polynomial,100003,0
42,Polynomial,1000003,0
42,Exponential,1009,0
42,Exponential,100003,0
42,Exponential,1000003,0
42,Hash_SHA256(i),1009,0
42,Hash_SHA256(i),100003,0
42,Hash_SHA256(i),1000003,0
43,Sequential,1009,0
43,Sequential,100003,0
43,Sequential,1000003,0
43,Polynomial,1009,0
43,Polynomial,100003,0
43,Polynomial,1000003,0
43,Exponential,1009,0
43,Exponential,100003,0
43,Exponential,1000003,0
43,Hash_SHA256(i),1009,0
43,Hash_SHA256(i),100003,0
43,Hash_SHA256(i),1000003,0
44,Sequential,1009,0
44,Sequential,100003,0
44,Sequential,1000003,0
44,Polynomial,1009,0
44,Polynomial,100003,0
44,Polynomial,1000003,0
44,Exponential,1009,0
44,Exponential,100003,0
44,Exponential,1000003,0
44,Hash_SHA256(i),1009,0
44,Hash_SHA256(i),100003,0
44,Hash_SHA256(i),1000003,0
45,Sequential,1009,0
45,Sequential,100003,0
45,Sequential,1000003,0
45,Polynomial,1009,0
45,Polynomial,100003,0
45,Polynomial,1000003,0
45,Exponential,1009,0
45,Exponential,100003,0
45,Exponential,1000003,0
45,Hash_SHA256(i),1009,0
45,Hash_SHA256(i),100003,0
45,Hash_SHA256(i),1000003,0
46,Sequential,1009,0
46,Sequential,100003,0
46,Sequential,1000003,0
46,Polynomial,1009,0
46,Polynomial,100003,0
46,Polynomial,1000003,0
46,Exponential,1009,0
46,Exponential,100003,0
46,Exponential,1000003,0
46,Hash_SHA256(i),1009,0
46,Hash_SHA256(i),100003,0
46,Hash_SHA256(i),1000003,0
47,Sequential,1009,0
47,Sequential,100003,0
47,Sequential,1000003,0
47,Polynomial,1009,0
47,Polynomial,100003,0
47,Polynomial,1000003,0
47,Exponential,1009,0
47,Exponential,100003,0
47,Exponential,1000003,0
47,Hash_SHA256(i),1009,0
47,Hash_SHA256(i),100003,0
47,Hash_SHA256(i),1000003,0
48,Sequential,1009,0
48,Sequential,100003,0
48,Sequential,1000003,0
48,Polynomial,1009,0
48,Polynomial,100003,0
48,Polynomial,1000003,0
48,Exponential,1009,0
48,Exponential,100003,0
48,Exponential,1000003,0
48,Hash_SHA256(i),1009,0
48,Hash_SHA256(i),100003,0
48,Hash_SHA256(i),1000003,0
49,Sequential,1009,0
49,Sequential,100003,0
49,Sequential,1000003,0
49,Polynomial,1009,0
49,Polynomial,100003,0
49,Polynomial,1000003,0
49,Exponential,1009,0
49,Exponential,100003,0
49,Exponential,1000003,0
49,Hash_SHA256(i),1009,0
49,Hash_SHA256(i),100003,0
49,Hash_SHA256(i),1000003,0
50,Sequential,1009,0
50,Sequential,100003,0
50,Sequential,1000003,0
50,Polynomial,1009,0
50,Polynomial,100003,0
50,Polynomial,1000003,0
50,Exponential,1009,0
50,Exponential,100003,0
50,Exponential,1000003,0
50,Hash_SHA256(i),1009,0
50,Hash_SHA256(i),100003,0
50,Hash_SHA256(i),1000003,0
51,Sequential,1009,0
51,Sequential,100003,0
51,Sequential,1000003,0
51,Polynomial,1009,0
51,Polynomial,100003,0
51,Polynomial,1000003,0
51,Exponential,1009,0
51,Exponential,100003,0
51,Exponential,1000003,0
51,Hash_SHA256(i),1009,0
51,Hash_SHA256(i),100003,0
51,Hash_SHA256(i),1000003,0
52,Sequential,1009,0
52,Sequential,100003,0
52,Sequential,1000003,0
52,Polynomial,1009,0
52,Polynomial,100003,0
52,Polynomial,1000003,0
52,Exponential,1009,0
52,Exponential,100003,0
52,Exponential,1000003,0
52,Hash_SHA256(i),1009,0
52,Hash_SHA256(i),100003,0
52,Hash_SHA256(i),1000003,0
53,Sequential,1009,0
53,Sequential,100003,0
53,Sequential,1000003,0
53,Polynomial,1009,0
53,Polynomial,100003,0
53,Polynomial,1000003,0
53,Exponential,1009,0
53,Exponential,100003,0
53,Exponential,1000003,0
53,Hash_SHA256(i),1009,0
53,Hash_SHA256(i),100003,0
53,Hash_SHA256(i),1000003,0
54,Sequential,1009,0
54,Sequential,100003,0
54,Sequential,1000003,0
54,Polynomial,1009,0
54,Polynomial,100003,0
54,Polynomial,1000003,0
54,Exponential,1009,0
54,Exponential,100003,0
54,Exponential,1000003,0
54,Hash_SHA256(i),1009,0
54,Hash_SHA256(i),100003,0
54,Hash_SHA256(i),1000003,0
55,Sequential,1009,0
55,Sequential,100003,0
55,Sequential,1000003,0
55,Polynomial,1009,0
55,Polynomial,100003,0
55,Polynomial,1000003,0
55,Exponential,1009,0
55,Exponential,100003,0
55,Exponential,1000003,0
55,Hash_SHA256(i),1009,0
55,Hash_SHA256(i),100003,0
55,Hash_SHA256(i),1000003,0
56,Sequential,1009,0
56,Sequential,100003,0
56,Sequential,1000003,0
56,Polynomial,1009,0
56,Polynomial,100003,0
56,Polynomial,1000003,0
56,Exponential,1009,0
56,Exponential,100003,0
56,Exponential,1000003,0
56,Hash_SHA256(i),1009,0
56,Hash_SHA256(i),100003,0
56,Hash_SHA256(i),1000003,0
57,Sequential,1009,0
57,Sequential,100003,0
57,Sequential,1000003,0
57,Polynomial,1009,0
57,Polynomial,100003,0
57,Polynomial,1000003,0
57,Exponential,1009,0
57,Exponential,100003,0
57,Exponential,1000003,0
57,Hash_SHA256(i),1009,0
57,Hash_SHA256(i),100003,0
57,Hash_SHA256(i),1000003,0
58,Sequential,1009,0
58,Sequential,100003,0
58,Sequential,1000003,0
58,Polynomial,1009,0
58,Polynomial,100003,0
58,Polynomial,1000003,0
58,Exponential,1009,0
58,Exponential,100003,0
58,Exponential,1000003,0
58,Hash_SHA256(i),1009,0
58,Hash_SHA256(i),100003,0
58,Hash_SHA256(i),1000003,0
59,Sequential,1009,0
59,Sequential,100003,0
59,Sequential,1000003,0
59,Polynomial,1009,0
59,Polynomial,100003,0
59,Polynomial,1000003,0
59,Exponential,1009,0
59,Exponential,100003,0
59,Exponential,1000003,0
59,Hash_SHA256(i),1009,0
59,Hash_SHA256(i),100003,0
59,Hash_SHA256(i),1000003,0
60,Sequential,1009,0
60,Sequential,100003,0
60,Sequential,1000003,0
60,Polynomial,1009,0
60,Polynomial,100003,0
60,Polynomial,1000003,0
60,Exponential,1009,0
60,Exponential,100003,0
60,Exponential,1000003,0
60,Hash_SHA256(i),1009,0
60,Hash_SHA256(i),100003,0
60,Hash_SHA256(i),1000003,0
61,Sequential,1009,0
61,Sequential,100003,0
61,Sequential,1000003,0
61,Polynomial,1009,0
61,Polynomial,100003,0
61,Polynomial,1000003,0
61,Exponential,1009,0
61,Exponential,100003,0
61,Exponential,1000003,0
61,Hash_SHA256(i),1009,0
61,Hash_SHA256(i),100003,0
61,Hash_SHA256(i),1000003,0
62,Sequential,1009,0
62,Sequential,100003,0
62,Sequential,1000003,0
62,Polynomial,1009,0
62,Polynomial,100003,0
62,Polynomial,1000003,0
62,Exponential,1009,0
62,Exponential,100003,0
62,Exponential,1000003,0
62,Hash_SHA256(i),1009,0
62,Hash_SHA256(i),100003,0
62,Hash_SHA256(i),1000003,0
63,Sequential,1009,0
63,Sequential,100003,0
63,Sequential,1000003,0
63,Polynomial,1009,0
63,Polynomial,100003,0
63,Polynomial,1000003,0
63,Exponential,1009,0
63,Exponential,100003,0
63,Exponential,1000003,0
63,Hash_SHA256(i),1009,0
63,Hash_SHA256(i),100003,0
63,Hash_SHA256(i),1000003,0
64,Sequential,1009,0
64,Sequential,100003,0
64,Sequential,1000003,0
64,Polynomial,1009,0
64,Polynomial,100003,0
64,Polynomial,1000003,0
64,Exponential,1009,0
64,Exponential,100003,0
64,Exponential,1000003,0
64,Hash_SHA256(i),1009,0
64,Hash_SHA256(i),100003,0
64,Hash_SHA256(i),1000003,0
65,Sequential,1009,0
65,Sequential,100003,0
65,Sequential,1000003,0
65,Polynomial,1009,0
65,Polynomial,100003,0
65,Polynomial,1000003,0
65,Exponential,1009,0
65,Exponential,100003,0
65,Exponential,1000003,0
65,Hash_SHA256(i),1009,0
65,Hash_SHA256(i),100003,0
65,Hash_SHA256(i),1000003,0
66,Sequential,1009,0
66,Sequential,100003,0
66,Sequential,1000003,0
66,Polynomial,1009,0
66,Polynomial,100003,0
66,Polynomial,1000003,0
66,Exponential,1009,0
66,Exponential,100003,0
66,Exponential,1000003,0
66,Hash_SHA256(i),1009,0
66,Hash_SHA256(i),100003,0
66,Hash_SHA256(i),1000003,0
67,Sequential,1009,0
67,Sequential,100003,0
67,Sequential,1000003,0
67,Polynomial,1009,0
67,Polynomial,100003,0
67,Polynomial,1000003,0
67,Exponential,1009,0
67,Exponential,100003,0
67,Exponential,1000003,0
67,Hash_SHA256(i),1009,0
67,Hash_SHA256(i),100003,0
67,Hash_SHA256(i),1000003,0
68,Sequential,1009,0
68,Sequential,100003,0
68,Sequential,1000003,0
68,Polynomial,1009,0
68,Polynomial,100003,0
68,Polynomial,1000003,0
68,Exponential,1009,0
68,Exponential,100003,0
68,Exponential,1000003,0
68,Hash_SHA256(i),1009,0
68,Hash_SHA256(i),100003,0
68,Hash_SHA256(i),1000003,0
69,Sequential,1009,0
69,Sequential,100003,0
69,Sequential,1000003,0
69,Polynomial,1009,0
69,Polynomial,100003,0
69,Polynomial,1000003,0
69,Exponential,1009,0
69,Exponential,100003,0
69,Exponential,1000003,0
69,Hash_SHA256(i),1009,0
69,Hash_SHA256(i),100003,0
69,Hash_SHA256(i),1000003,0
70,Sequential,1009,0
70,Sequential,100003,0
70,Sequential,1000003,0
70,Polynomial,1009,0
70,Polynomial,100003,0
70,Polynomial,1000003,0
70,Exponential,1009,0
70,Exponential,100003,0
70,Exponential,1000003,0
70,Hash_SHA256(i),1009,0
70,Hash_SHA256(i),100003,0
70,Hash_SHA256(i),1000003,0
71,Sequential,1009,0
71,Sequential,100003,0
71,Sequential,1000003,0
71,Polynomial,1009,0
71,Polynomial,100003,0
71,Polynomial,1000003,0
71,Exponential,1009,0
71,Exponential,100003,0
71,Exponential,1000003,0
71,Hash_SHA256(i),1009,0
71,Hash_SHA256(i),100003,0
71,Hash_SHA256(i),1000003,0
72,Sequential,1009,0
72,Sequential,100003,0
72,Sequential,1000003,0
72,Polynomial,1009,0
72,Polynomial,100003,0
72,Polynomial,1000003,0
72,Exponential,1009,0
72,Exponential,100003,0
72,Exponential,1000003,0
72,Hash_SHA256(i),1009,0
72,Hash_SHA256(i),100003,0
72,Hash_SHA256(i),1000003,0
73,Sequential,1009,0
73,Sequential,100003,0
73,Sequential,1000003,0
73,Polynomial,1009,0
73,Polynomial,100003,0
73,Polynomial,1000003,0
73,Exponential,1009,0
73,Exponential,100003,0
73,Exponential,1000003,0
73,Hash_SHA256(i),1009,0
73,Hash_SHA256(i),100003,0
73,Hash_SHA256(i),1000003,0
74,Sequential,1009,0
74,Sequential,100003,0
74,Sequential,1000003,0
74,Polynomial,1009,0
74,Polynomial,100003,0
74,Polynomial,1000003,0
74,Exponential,1009,0
74,Exponential,100003,0
74,Exponential,1000003,0
74,Hash_SHA256(i),1009,0
74,Hash_SHA256(i),100003,0
74,Hash_SHA256(i),1000003,0
75,Sequential,1009,0
75,Sequential,100003,0
75,Sequential,1000003,0
75,Polynomial,1009,0
75,Polynomial,100003,0
75,Polynomial,1000003,0
75,Exponential,1009,0
75,Exponential,100003,0
75,Exponential,1000003,0
75,Hash_SHA256(i),1009,0
75,Hash_SHA256(i),100003,0
75,Hash_SHA256(i),1000003,0
76,Sequential,1009,0
76,Sequential,100003,0
76,Sequential,1000003,0
76,Polynomial,1009,0
76,Polynomial,100003,0
76,Polynomial,1000003,0
76,Exponential,1009,0
76,Exponential,100003,0
76,Exponential,1000003,0
76,Hash_SHA256(i),1009,0
76,Hash_SHA256(i),100003,0
76,Hash_SHA256(i),1000003,0
77,Sequential,1009,0
77,Sequential,100003,0
77,Sequential,1000003,0
77,Polynomial,1009,0
77,Polynomial,100003,0
77,Polynomial,1000003,0
77,Exponential,1009,0
77,Exponential,100003,0
77,Exponential,1000003,0
77,Hash_SHA256(i),1009,0
77,Hash_SHA256(i),100003,0
77,Hash_SHA256(i),1000003,0
78,Sequential,1009,0
78,Sequential,100003,0
78,Sequential,1000003,0
78,Polynomial,1009,0
78,Polynomial,100003,0
78,Polynomial,1000003,0
78,Exponential,1009,0
78,Exponential,100003,0
78,Exponential,1000003,0
78,Hash_SHA256(i),1009,0
78,Hash_SHA256(i),100003,0
78,Hash_SHA256(i),1000003,0
79,Sequential,1009,0
79,Sequential,100003,0
79,Sequential,1000003,0
79,Polynomial,1009,0
79,Polynomial,100003,0
79,Polynomial,1000003,0
79,Exponential,1009,0
79,Exponential,100003,0
79,Exponential,1000003,0
79,Hash_SHA256(i),1009,0
79,Hash_SHA256(i),100003,0
79,Hash_SHA256(i),1000003,0
80,Sequential,1009,0
80,Sequential,100003,0
80,Sequential,1000003,0
80,Polynomial,1009,0
80,Polynomial,100003,0
80,Polynomial,1000003,0
80,Exponential,1009,0
80,Exponential,100003,0
80,Exponential,1000003,0
80,Hash_SHA256(i),1009,0
80,Hash_SHA256(i),100003,0
80,Hash_SHA256(i),1000003,0
81,Sequential,1009,0
81,Sequential,100003,0
81,Sequential,1000003,0
81,Polynomial,1009,0
81,Polynomial,100003,0
81,Polynomial,1000003,0
81,Exponential,1009,0
81,Exponential,100003,0
81,Exponential,1000003,0
81,Hash_SHA256(i),1009,0
81,Hash_SHA256(i),100003,0
81,Hash_SHA256(i),1000003,0
82,Sequential,1009,0
82,Sequential,100003,0
82,Sequential,1000003,0
82,Polynomial,1009,0
82,Polynomial,100003,0
82,Polynomial,1000003,0
82,Exponential,1009,0
82,Exponential,100003,0
82,Exponential,1000003,0
82,Hash_SHA256(i),1009,0
82,Hash_SHA256(i),100003,0
82,Hash_SHA256(i),1000003,0
83,Sequential,1009,0
83,Sequential,100003,0
83,Sequential,1000003,0
83,Polynomial,1009,0
83,Polynomial,100003,0
83,Polynomial,1000003,0
83,Exponential,1009,0
83,Exponential,100003,0
83,Exponential,1000003,0
83,Hash_SHA256(i),1009,0
83,Hash_SHA256(i),100003,0
83,Hash_SHA256(i),1000003,0
84,Sequential,1009,0
84,Sequential,100003,0
84,Sequential,1000003,0
84,Polynomial,1009,0
84,Polynomial,100003,0
84,Polynomial,1000003,0
84,Exponential,1009,0
84,Exponential,100003,0
84,Exponential,1000003,0
84,Hash_SHA256(i),1009,0
84,Hash_SHA256(i),100003,0
84,Hash_SHA256(i),1000003,0
85,Sequential,1009,0
85,Sequential,100003,0
85,Sequential,1000003,0
85,Polynomial,1009,0
85,Polynomial,100003,0
85,Polynomial,1000003,0
85,Exponential,1009,0
85,Exponential,100003,0
85,Exponential,1000003,0
85,Hash_SHA256(i),1009,0
85,Hash_SHA256(i),100003,0
85,Hash_SHA256(i),1000003,0
86,Sequential,1009,0
86,Sequential,100003,0
86,Sequential,1000003,0
86,Polynomial,1009,0
86,Polynomial,100003,0
86,Polynomial,1000003,0
86,Exponential,1009,0
86,Exponential,100003,0
86,Exponential,1000003,0
86,Hash_SHA256(i),1009,0
86,Hash_SHA256(i),100003,0
86,Hash_SHA256(i),1000003,0
87,Sequential,1009,0
87,Sequential,100003,0
87,Sequential,1000003,0
87,Polynomial,1009,0
87,Polynomial,100003,0
87,Polynomial,1000003,0
87,Exponential,1009,0
87,Exponential,100003,0
87,Exponential,1000003,0
87,Hash_SHA256(i),1009,0
87,Hash_SHA256(i),100003,0
87,Hash_SHA256(i),1000003,0
88,Sequential,1009,0
88,Sequential,100003,0
88,Sequential,1000003,0
88,Polynomial,1009,0
88,Polynomial,100003,0
88,Polynomial,1000003,0
88,Exponential,1009,0
88,Exponential,100003,0
88,Exponential,1000003,0
88,Hash_SHA256(i),1009,0
88,Hash_SHA256(i),100003,0
88,Hash_SHA256(i),1000003,0
89,Sequential,1009,0
89,Sequential,100003,0
89,Sequential,1000003,0
89,Polynomial,1009,0
89,Polynomial,100003,0
89,Polynomial,1000003,0
89,Exponential,1009,0
89,Exponential,100003,0
89,Exponential,1000003,0
89,Hash_SHA256(i),1009,0
89,Hash_SHA256(i),100003,0
89,Hash_SHA256(i),1000003,0
90,Sequential,1009,0
90,Sequential,100003,0
90,Sequential,1000003,0
90,Polynomial,1009,0
90,Polynomial,100003,0
90,Polynomial,1000003,0
90,Exponential,1009,0
90,Exponential,100003,0
90,Exponential,1000003,0
90,Hash_SHA256(i),1009,0
90,Hash_SHA256(i),100003,0
90,Hash_SHA256(i),1000003,0
91,Sequential,1009,0
91,Sequential,100003,0
91,Sequential,1000003,0
91,Polynomial,1009,0
91,Polynomial,100003,0
91,Polynomial,1000003,0
91,Exponential,1009,0
91,Exponential,100003,0
91,Exponential,1000003,0
91,Hash_SHA256(i),1009,0
91,Hash_SHA256(i),100003,0
91,Hash_SHA256(i),1000003,0
92,Sequential,1009,0
92,Sequential,100003,0
92,Sequential,1000003,0
92,Polynomial,1009,0
92,Polynomial,100003,0
92,Polynomial,1000003,0
92,Exponential,1009,0
92,Exponential,100003,0
92,Exponential,1000003,0
92,Hash_SHA256(i),1009,0
92,Hash_SHA256(i),100003,0
92,Hash_SHA256(i),1000003,0
93,Sequential,1009,0
93,Sequential,100003,0
93,Sequential,1000003,0
93,Polynomial,1009,0
93,Polynomial,100003,0
93,Polynomial,1000003,0
93,Exponential,1009,0
93,Exponential,100003,0
93,Exponential,1000003,0
93,Hash_SHA256(i),1009,0
93,Hash_SHA256(i),100003,0
93,Hash_SHA256(i),1000003,0
94,Sequential,1009,0
94,Sequential,100003,0
94,Sequential,1000003,0
94,Polynomial,1009,0
94,Polynomial,100003,0
94,Polynomial,1000003,0
94,Exponential,1009,0
94,Exponential,100003,0
94,Exponential,1000003,0
94,Hash_SHA256(i),1009,0
94,Hash_SHA256(i),100003,0
94,Hash_SHA256(i),1000003,0
95,Sequential,1009,0
95,Sequential,100003,0
95,Sequential,1000003,0
95,Polynomial,1009,0
95,Polynomial,100003,0
95,Polynomial,1000003,0
95,Exponential,1009,0
95,Exponential,100003,0
95,Exponential,1000003,0
95,Hash_SHA256(i),1009,0
95,Hash_SHA256(i),100003,0
95,Hash_SHA256(i),1000003,0
96,Sequential,1009,0
96,Sequential,100003,0
96,Sequential,1000003,0
96,Polynomial,1009,0
96,Polynomial,100003,0
96,Polynomial,1000003,0
96,Exponential,1009,0
96,Exponential,100003,0
96,Exponential,1000003,0
96,Hash_SHA256(i),1009,0
96,Hash_SHA256(i),100003,0
96,Hash_SHA256(i),1000003,0
97,Sequential,1009,0
97,Sequential,100003,0
97,Sequential,1000003,0
97,Polynomial,1009,0
97,Polynomial,100003,0
97,Polynomial,1000003,0
97,Exponential,1009,0
97,Exponential,100003,0
97,Exponential,1000003,0
97,Hash_SHA256(i),1009,0
97,Hash_SHA256(i),100003,0
97,Hash_SHA256(i),1000003,0
98,Sequential,1009,0
98,Sequential,100003,0
98,Sequential,1000003,0
98,Polynomial,1009,0
98,Polynomial,100003,0
98,Polynomial,1000003,0
98,Exponential,1009,0
98,Exponential,100003,0
98,Exponential,1000003,0
98,Hash_SHA256(i),1009,0
98,Hash_SHA256(i),100003,0
98,Hash_SHA256(i),1000003,0
99,Sequential,1009,0
99,Sequential,100003,0
99,Sequential,1000003,0
99,Polynomial,1009,0
99,Polynomial,100003,0
99,Polynomial,1000003,0
99,Exponential,1009,0
99,Exponential,100003,0
99,Exponential,1000003,0
99,Hash_SHA256(i),1009,0
99,Hash_SHA256(i),100003,0
99,Hash_SHA256(i),1000003,0
100,Sequential,1009,0
100,Sequential,100003,0
100,Sequential,1000003,0
100,Polynomial,1009,0
100,Polynomial,100003,0
100,Polynomial,1000003,0
100,Exponential,1009,0
100,Exponential,100003,0
100,Exponential,1000003,0
100,Hash_SHA256(i),1009,0
100,Hash_SHA256(i),100003,0
100,Hash_SHA256(i),1000003,0
101,Sequential,1009,0
101,Sequential,100003,0
101,Sequential,1000003,0
101,Polynomial,1009,0
101,Polynomial,100003,0
101,Polynomial,1000003,0
101,Exponential,1009,0
101,Exponential,100003,0
101,Exponential,1000003,0
101,Hash_SHA256(i),1009,0
101,Hash_SHA256(i),100003,0
101,Hash_SHA256(i),1000003,0
102,Sequential,1009,0
102,Sequential,100003,0
102,Sequential,1000003,0
102,Polynomial,1009,0
102,Polynomial,100003,0
102,Polynomial,1000003,0
102,Exponential,1009,0
102,Exponential,100003,0
102,Exponential,1000003,0
102,Hash_SHA256(i),1009,0
102,Hash_SHA256(i),100003,0
102,Hash_SHA256(i),1000003,0
103,Sequential,1009,0
103,Sequential,100003,0
103,Sequential,1000003,0
103,Polynomial,1009,0
103,Polynomial,100003,0
103,Polynomial,1000003,0
103,Exponential,1009,0
103,Exponential,100003,0
103,Exponential,1000003,0
103,Hash_SHA256(i),1009,0
103,Hash_SHA256(i),100003,0
103,Hash_SHA256(i),1000003,0
104,Sequential,1009,0
104,Sequential,100003,0
104,Sequential,1000003,0
104,Polynomial,1009,0
104,Polynomial,100003,0
104,Polynomial,1000003,0
104,Exponential,1009,0
104,Exponential,100003,0
104,Exponential,1000003,0
104,Hash_SHA256(i),1009,0
104,Hash_SHA256(i),100003,0
104,Hash_SHA256(i),1000003,0
105,Sequential,1009,0
105,Sequential,100003,0
105,Sequential,1000003,0
105,Polynomial,1009,0
105,Polynomial,100003,0
105,Polynomial,1000003,0
105,Exponential,1009,0
105,Exponential,100003,0
105,Exponential,1000003,0
105,Hash_SHA256(i),1009,0
105,Hash_SHA256(i),100003,0
105,Hash_SHA256(i),1000003,0
106,Sequential,1009,0
106,Sequential,100003,0
106,Sequential,1000003,0
106,Polynomial,1009,0
106,Polynomial,100003,0
106,Polynomial,1000003,0
106,Exponential,1009,0
106,Exponential,100003,0
106,Exponential,1000003,0
106,Hash_SHA256(i),1009,0
106,Hash_SHA256(i),100003,0
106,Hash_SHA256(i),1000003,0
107,Sequential,1009,0
107,Sequential,100003,0
107,Sequential,1000003,0
107,Polynomial,1009,0
107,Polynomial,100003,0
107,Polynomial,1000003,0
107,Exponential,1009,0
107,Exponential,100003,0
107,Exponential,1000003,0
107,Hash_SHA256(i),1009,0
107,Hash_SHA256(i),100003,0
107,Hash_SHA256(i),1000003,0
108,Sequential,1009,0
108,Sequential,100003,0
108,Sequential,1000003,0
108,Polynomial,1009,0
108,Polynomial,100003,0
108,Polynomial,1000003,0
108,Exponential,1009,0
108,Exponential,100003,0
108,Exponential,1000003,0
108,Hash_SHA256(i),1009,0
108,Hash_SHA256(i),100003,0
108,Hash_SHA256(i),1000003,0
109,Sequential,1009,0
109,Sequential,100003,0
109,Sequential,1000003,0
109,Polynomial,1009,0
109,Polynomial,100003,0
109,Polynomial,1000003,0
109,Exponential,1009,0
109,Exponential,100003,0
109,Exponential,1000003,0
109,Hash_SHA256(i),1009,0
109,Hash_SHA256(i),100003,0
109,Hash_SHA256(i),1000003,0
110,Sequential,1009,0
110,Sequential,100003,0
110,Sequential,1000003,0
110,Polynomial,1009,0
110,Polynomial,100003,0
110,Polynomial,1000003,0
110,Exponential,1009,0
110,Exponential,100003,0
110,Exponential,1000003,0
110,Hash_SHA256(i),1009,0
110,Hash_SHA256(i),100003,0
110,Hash_SHA256(i),1000003,0
111,Sequential,1009,0
111,Sequential,100003,0
111,Sequential,1000003,0
111,Polynomial,1009,0
111,Polynomial,100003,0
111,Polynomial,1000003,0
111,Exponential,1009,0
111,Exponential,100003,0
111,Exponential,1000003,0
111,Hash_SHA256(i),1009,0
111,Hash_SHA256(i),100003,0
111,Hash_SHA256(i),1000003,0
112,Sequential,1009,0
112,Sequential,100003,0
112,Sequential,1000003,0
112,Polynomial,1009,0
112,Polynomial,100003,0
112,Polynomial,1000003,0
112,Exponential,1009,0
112,Exponential,100003,0
112,Exponential,1000003,0
112,Hash_SHA256(i),1009,0
112,Hash_SHA256(i),100003,0
112,Hash_SHA256(i),1000003,0
113,Sequential,1009,0
113,Sequential,100003,0
113,Sequential,1000003,0
113,Polynomial,1009,0
113,Polynomial,100003,0
113,Polynomial,1000003,0
113,Exponential,1009,0
113,Exponential,100003,0
113,Exponential,1000003,0
113,Hash_SHA256(i),1009,0
113,Hash_SHA256(i),100003,0
113,Hash_SHA256(i),1000003,0
114,Sequential,1009,0
114,Sequential,100003,0
114,Sequential,1000003,0
114,Polynomial,1009,0
114,Polynomial,100003,0
114,Polynomial,1000003,0
114,Exponential,1009,0
114,Exponential,100003,0
114,Exponential,1000003,0
114,Hash_SHA256(i),1009,0
114,Hash_SHA256(i),100003,0
114,Hash_SHA256(i),1000003,0
115,Sequential,1009,0
115,Sequential,100003,0
115,Sequential,1000003,0
115,Polynomial,1009,0
115,Polynomial,100003,0
115,Polynomial,1000003,0
115,Exponential,1009,0
115,Exponential,100003,0
115,Exponential,1000003,0
115,Hash_SHA256(i),1009,0
115,Hash_SHA256(i),100003,0
115,Hash_SHA256(i),1000003,0
116,Sequential,1009,0
116,Sequential,100003,0
116,Sequential,1000003,0
116,Polynomial,1009,0
116,Polynomial,100003,0
116,Polynomial,1000003,0
116,Exponential,1009,0
116,Exponential,100003,0
116,Exponential,1000003,0
116,Hash_SHA256(i),1009,0
116,Hash_SHA256(i),100003,0
116,Hash_SHA256(i),1000003,0
117,Sequential,1009,0
117,Sequential,100003,0
117,Sequential,1000003,0
117,Polynomial,1009,0
117,Polynomial,100003,0
117,Polynomial,1000003,0
117,Exponential,1009,0
117,Exponential,100003,0
117,Exponential,1000003,0
117,Hash_SHA256(i),1009,0
117,Hash_SHA256(i),100003,0
117,Hash_SHA256(i),1000003,0
118,Sequential,1009,0
118,Sequential,100003,0
118,Sequential,1000003,0
118,Polynomial,1009,0
118,Polynomial,100003,0
118,Polynomial,1000003,0
118,Exponential,1009,0
118,Exponential,100003,0
118,Exponential,1000003,0
118,Hash_SHA256(i),1009,0
118,Hash_SHA256(i),100003,0
118,Hash_SHA256(i),1000003,0
119,Sequential,1009,0
119,Sequential,100003,0
119,Sequential,1000003,0
119,Polynomial,1009,0
119,Polynomial,100003,0
119,Polynomial,1000003,0
119,Exponential,1009,0
119,Exponential,100003,0
119,Exponential,1000003,0
119,Hash_SHA256(i),1009,0
119,Hash_SHA256(i),100003,0
119,Hash_SHA256(i),1000003,0
120,Sequential,1009,0
120,Sequential,100003,0
120,Sequential,1000003,0
120,Polynomial,1009,0
120,Polynomial,100003,0
120,Polynomial,1000003,0
120,Exponential,1009,0
120,Exponential,100003,0
120,Exponential,1000003,0
120,Hash_SHA256(i),1009,0
120,Hash_SHA256(i),100003,0
120,Hash_SHA256(i),1000003,0
121,Sequential,1009,0
121,Sequential,100003,0
121,Sequential,1000003,0
121,Polynomial,1009,0
121,Polynomial,100003,0
121,Polynomial,1000003,0
121,Exponential,1009,0
121,Exponential,100003,0
121,Exponential,1000003,0
121,Hash_SHA256(i),1009,0
121,Hash_SHA256(i),100003,0
121,Hash_SHA256(i),1000003,0
122,Sequential,1009,0
122,Sequential,100003,0
122,Sequential,1000003,0
122,Polynomial,1009,0
122,Polynomial,100003,0
122,Polynomial,1000003,0
122,Exponential,1009,0
122,Exponential,100003,0
122,Exponential,1000003,0
122,Hash_SHA256(i),1009,0
122,Hash_SHA256(i),100003,0
122,Hash_SHA256(i),1000003,0
123,Sequential,1009,0
123,Sequential,100003,0
123,Sequential,1000003,0
123,Polynomial,1009,0
123,Polynomial,100003,0
123,Polynomial,1000003,0
123,Exponential,1009,0
123,Exponential,100003,0
123,Exponential,1000003,0
123,Hash_SHA256(i),1009,0
123,Hash_SHA256(i),100003,0
123,Hash_SHA256(i),1000003,0
124,Sequential,1009,0
124,Sequential,100003,0
124,Sequential,1000003,0
124,Polynomial,1009,0
124,Polynomial,100003,0
124,Polynomial,1000003,0
124,Exponential,1009,0
124,Exponential,100003,0
124,Exponential,1000003,0
124,Hash_SHA256(i),1009,0
124,Hash_SHA256(i),100003,0
124,Hash_SHA256(i),1000003,0
125,Sequential,1009,0
125,Sequential,100003,0
125,Sequential,1000003,0
125,Polynomial,1009,0
125,Polynomial,100003,0
125,Polynomial,1000003,0
125,Exponential,1009,0
125,Exponential,100003,0
125,Exponential,1000003,0
125,Hash_SHA256(i),1009,0
125,Hash_SHA256(i),100003,0
125,Hash_SHA256(i),1000003,0
126,Sequential,1009,0
126,Sequential,100003,0
126,Sequential,1000003,0
126,Polynomial,1009,0
126,Polynomial,100003,0
126,Polynomial,1000003,0
126,Exponential,1009,0
126,Exponential,100003,0
126,Exponential,1000003,0
126,Hash_SHA256(i),1009,0
126,Hash_SHA256(i),100003,0
126,Hash_SHA256(i),1000003,0
127,Sequential,1009,0
127,Sequential,100003,0
127,Sequential,1000003,0
127,Polynomial,1009,0
127,Polynomial,100003,0
127,Polynomial,1000003,0
127,Exponential,1009,0
127,Exponential,100003,0
127,Exponential,1000003,0
127,Hash_SHA256(i),1009,0
127,Hash_SHA256(i),100003,0
127,Hash_SHA256(i),1000003,0
128,Sequential,1009,0
128,Sequential,100003,0
128,Sequential,1000003,0
128,Polynomial,1009,0
128,Polynomial,100003,0
128,Polynomial,1000003,0
128,Exponential,1009,0
128,Exponential,100003,0
128,Exponential,1000003,0
128,Hash_SHA256(i),1009,0
128,Hash_SHA256(i),100003,0
128,Hash_SHA256(i),1000003,0
129,Sequential,1009,0
129,Sequential,100003,0
129,Sequential,1000003,0
129,Polynomial,1009,0
129,Polynomial,100003,0
129,Polynomial,1000003,0
129,Exponential,1009,0
129,Exponential,100003,0
129,Exponential,1000003,0
129,Hash_SHA256(i),1009,0
129,Hash_SHA256(i),100003,0
129,Hash_SHA256(i),1000003,0
130,Sequential,1009,0
130,Sequential,100003,0
130,Sequential,1000003,0
130,Polynomial,1009,0
130,Polynomial,100003,0
130,Polynomial,1000003,0
130,Exponential,1009,0
130,Exponential,100003,0
130,Exponential,1000003,0
130,Hash_SHA256(i),1009,0
130,Hash_SHA256(i),100003,0
130,Hash_SHA256(i),1000003,0
131,Sequential,1009,0
131,Sequential,100003,0
131,Sequential,1000003,0
131,Polynomial,1009,0
131,Polynomial,100003,0
131,Polynomial,1000003,0
131,Exponential,1009,0
131,Exponential,100003,0
131,Exponential,1000003,0
131,Hash_SHA256(i),1009,0
131,Hash_SHA256(i),100003,0
131,Hash_SHA256(i),1000003,0
132,Sequential,1009,0
132,Sequential,100003,0
132,Sequential,1000003,0
132,Polynomial,1009,0
132,Polynomial,100003,0
132,Polynomial,1000003,0
132,Exponential,1009,0
132,Exponential,100003,0
132,Exponential,1000003,0
132,Hash_SHA256(i),1009,0
132,Hash_SHA256(i),100003,0
132,Hash_SHA256(i),1000003,0
